{
  "project_info": {
    "project_number": "1097465400862",
    "firebase_url": "https://palace-on-wheels-b5df7.firebaseio.com",
    "project_id": "palace-on-wheels-b5df7",
    "storage_bucket": "palace-on-wheels-b5df7.appspot.com"
  },
  "client": [
    {
      "client_info": {
        "mobilesdk_app_id": "1:1097465400862:android:338da8673a36c8c395680f",
        "android_client_info": {
          "package_name": "com.example.miniv1"
        }
      },
      "oauth_client": [
        {
          "client_id": "1097465400862-dsgvpl0gdgs42q6t5v84lvu6bnm9jubv.apps.googleusercontent.com",
          "client_type": 1,
          "android_info": {
            "package_name": "com.example.miniv1",
            "certificate_hash": "49b5ac1a47ca2a5b98bef6ba1fd3e0132802ce3a"
          }
        },
        {
          "client_id": "1097465400862-9r84an3n1l1d76jdop9197k70r3g2ff4.apps.googleusercontent.com",
          "client_type": 3
        }
      ],
      "api_key": [
        {
          "current_key": "AIzaSyCLGZXI-6HUXGRbzJSFcchgS_H1jykvk94"
        }
      ],
      "services": {
        "appinvite_service": {
          "other_platform_oauth_client": [
            {
              "client_id": "1097465400862-9r84an3n1l1d76jdop9197k70r3g2ff4.apps.googleusercontent.com",
              "client_type": 3
            }
          ]
        }
      }
    },
    {
      "client_info": {
        "mobilesdk_app_id": "1:1097465400862:android:55f62405df43ee3b95680f",
        "android_client_info": {
          "package_name": "com.example.palaceonwheels"
        }
      },
      "oauth_client": [
        {
          "client_id": "1097465400862-isem8eb8sc9mbrqef0lsvt2d31qio5m4.apps.googleusercontent.com",
          "client_type": 1,
          "android_info": {
            "package_name": "com.example.palaceonwheels",
            "certificate_hash": "eedfafb17d1b59b808bb9b8d4842feb0d80bac8b"
          }
        },
        {
          "client_id": "1097465400862-9r84an3n1l1d76jdop9197k70r3g2ff4.apps.googleusercontent.com",
          "client_type": 3
        }
      ],
      "api_key": [
        {
          "current_key": "AIzaSyCLGZXI-6HUXGRbzJSFcchgS_H1jykvk94"
        }
      ],
      "services": {
        "appinvite_service": {
          "other_platform_oauth_client": [
            {
              "client_id": "1097465400862-9r84an3n1l1d76jdop9197k70r3g2ff4.apps.googleusercontent.com",
              "client_type": 3
            }
          ]
        }
      }
    }
  ],
  "configuration_version": "1"
}